{
  "1" : {
    "transaction" : "1",
    "sampleCount" : 2,
    "errorCount" : 1,
    "errorPct" : 50.0,
    "meanResTime" : 2947.0,
    "medianResTime" : 2947.0,
    "minResTime" : 2387.0,
    "maxResTime" : 3507.0,
    "pct1ResTime" : 3507.0,
    "pct2ResTime" : 3507.0,
    "pct3ResTime" : 3507.0,
    "throughput" : 0.274310794129749,
    "receivedKBytesPerSec" : 9.919121176793306,
    "sentKBytesPerSec" : 0.035896139075572625
  },
  "3" : {
    "transaction" : "3",
    "sampleCount" : 2,
    "errorCount" : 1,
    "errorPct" : 50.0,
    "meanResTime" : 2691.5,
    "medianResTime" : 2691.5,
    "minResTime" : 2223.0,
    "maxResTime" : 3160.0,
    "pct1ResTime" : 3160.0,
    "pct2ResTime" : 3160.0,
    "pct3ResTime" : 3160.0,
    "throughput" : 0.27689325764917627,
    "receivedKBytesPerSec" : 10.012503461165721,
    "sentKBytesPerSec" : 0.03623407863768517
  },
  "5" : {
    "transaction" : "5",
    "sampleCount" : 2,
    "errorCount" : 0,
    "errorPct" : 0.0,
    "meanResTime" : 2510.5,
    "medianResTime" : 2510.5,
    "minResTime" : 2322.0,
    "maxResTime" : 2699.0,
    "pct1ResTime" : 2699.0,
    "pct2ResTime" : 2699.0,
    "pct3ResTime" : 2699.0,
    "throughput" : 0.2731867231252561,
    "receivedKBytesPerSec" : 9.87847459363475,
    "sentKBytesPerSec" : 0.03574904384646906
  },
  "Total" : {
    "transaction" : "Total",
    "sampleCount" : 10,
    "errorCount" : 2,
    "errorPct" : 20.0,
    "meanResTime" : 2577.5,
    "medianResTime" : 2450.5,
    "minResTime" : 2181.0,
    "maxResTime" : 3507.0,
    "pct1ResTime" : 3472.3,
    "pct2ResTime" : 3507.0,
    "pct3ResTime" : 3507.0,
    "throughput" : 0.9021199819576003,
    "receivedKBytesPerSec" : 32.621239992106446,
    "sentKBytesPerSec" : 0.11805085701398285
  },
  "7" : {
    "transaction" : "7",
    "sampleCount" : 2,
    "errorCount" : 0,
    "errorPct" : 0.0,
    "meanResTime" : 2379.0,
    "medianResTime" : 2379.0,
    "minResTime" : 2244.0,
    "maxResTime" : 2514.0,
    "pct1ResTime" : 2514.0,
    "pct2ResTime" : 2514.0,
    "pct3ResTime" : 2514.0,
    "throughput" : 0.2764722145424385,
    "receivedKBytesPerSec" : 9.997278476638098,
    "sentKBytesPerSec" : 0.03617898119988941
  },
  "9" : {
    "transaction" : "9",
    "sampleCount" : 2,
    "errorCount" : 0,
    "errorPct" : 0.0,
    "meanResTime" : 2359.5,
    "medianResTime" : 2359.5,
    "minResTime" : 2181.0,
    "maxResTime" : 2538.0,
    "pct1ResTime" : 2538.0,
    "pct2ResTime" : 2538.0,
    "pct3ResTime" : 2538.0,
    "throughput" : 0.278473962684489,
    "receivedKBytesPerSec" : 10.070341870300751,
    "sentKBytesPerSec" : 0.03644092871066555
  }
}